instance,best_hv,sms_mean,mole_mean,nsga_mean,sms_normalize,nsga_normalize,mole_normalize
Bi-Objective BBOB_2_1_1,0.833332924,0.833030159,0.833062317,0.832810126,0.999636682,0.999372642,0.999675272
Bi-Objective BBOB_2_1_10,0.833332794,0.833035416,0.833143281,0.8328233,0.999643147,0.999388607,0.999772585
Bi-Objective BBOB_2_1_2,0.833332931,0.833144029,0.83315546,0.833021256,0.999773318,0.999625989,0.999787034
Bi-Objective BBOB_2_1_3,0.833332922,0.833020152,0.833011442,0.832795558,0.999624676,0.999355162,0.999614224
Bi-Objective BBOB_2_1_4,0.833332867,0.833071221,0.833160648,0.832862393,0.999686025,0.999435431,0.999793338
Bi-Objective BBOB_2_1_5,0.833332945,0.833040457,0.833104454,0.832838446,0.999649014,0.999406601,0.999725811
Bi-Objective BBOB_2_1_6,0.833332799,0.833026746,0.833153085,0.832815096,0.999632736,0.999378756,0.999784343
Bi-Objective BBOB_2_1_7,0.833332799,0.833104052,0.833027049,0.832904044,0.999725504,0.999485494,0.9996331
Bi-Objective BBOB_2_1_8,0.833332645,0.833063483,0.832738622,0.832851238,0.999677005,0.999422311,0.999287172
Bi-Objective BBOB_2_1_9,0.833332608,0.833054349,0.833032839,0.832832212,0.999666089,0.999399525,0.999640277
Bi-Objective BBOB_2_10_1,0.922987888,0.920381973,0.452631506,0.921711417,0.997176653,0.998617023,0.490398099
Bi-Objective BBOB_2_10_10,0.909615355,0.907500889,0.244017384,0.908247096,0.997675428,0.998495783,0.268264364
Bi-Objective BBOB_2_10_2,0.889244712,0.88902554,0,0.88874618,0.99975353,0.999439376,0
Bi-Objective BBOB_2_10_3,0.921418301,0.920846443,0.288050389,0.920840796,0.999379372,0.999373243,0.31261631
Bi-Objective BBOB_2_10_4,0.942089495,0.93928675,0.33118338,0.941871323,0.99702497,0.999768417,0.351541315
Bi-Objective BBOB_2_10_5,0.940003751,0.939831169,0.187909393,0.93967597,0.999816403,0.999651298,0.199902812
Bi-Objective BBOB_2_10_6,0.884512897,0.884288431,0.174375139,0.884166636,0.999746226,0.999608529,0.197142563
Bi-Objective BBOB_2_10_7,0.972916091,0.971623283,0.548206065,0.972111353,0.998671203,0.99917286,0.563466953
Bi-Objective BBOB_2_10_8,0.92652444,0.919876432,0.228524936,0.922422477,0.992824789,0.995572741,0.246647499
Bi-Objective BBOB_2_10_9,0.663726927,0.651972268,0.097547438,0.649012091,0.982289917,0.977829985,0.146969233
Bi-Objective BBOB_2_11_1,0.823972813,0.823921062,0.274103834,0.823917897,0.999937193,0.999933352,0.332661259
Bi-Objective BBOB_2_11_10,0.826872158,0.826821061,0.192975742,0.826818448,0.999938204,0.999935045,0.233380384
Bi-Objective BBOB_2_11_2,0.834474641,0.834425172,0.422394696,0.834421633,0.999940719,0.999936477,0.506180386
Bi-Objective BBOB_2_11_3,0.817436951,0.817385189,0.133634283,0.817381644,0.999936677,0.999932341,0.163479621
Bi-Objective BBOB_2_11_4,0.883087616,0.883043372,0.195346393,0.883037504,0.999949898,0.999943254,0.221208393
Bi-Objective BBOB_2_11_5,0.849344298,0.849250871,0.686743519,0.849141704,0.999890001,0.99976147,0.808557285
Bi-Objective BBOB_2_11_6,0.826928091,0.826878059,0.325896944,0.826873938,0.999939496,0.999934512,0.394105543
Bi-Objective BBOB_2_11_7,0.827124525,0.827076775,0.149540129,0.82707244,0.99994227,0.999937029,0.180795183
Bi-Objective BBOB_2_11_8,0.81678549,0.816734277,0.114981658,0.816730196,0.999937299,0.999932303,0.140773385
Bi-Objective BBOB_2_11_9,0.832761546,0.832714758,0.181784421,0.832710842,0.999943816,0.999939113,0.218291085
Bi-Objective BBOB_2_12_1,0.981019022,0.980977312,0.980759605,0.980960992,0.999957483,0.999940847,0.999735564
Bi-Objective BBOB_2_12_10,0.865823542,0.865646541,0.865305797,0.865337892,0.999795569,0.999439088,0.99940202
Bi-Objective BBOB_2_12_2,0.999911395,0.999909875,0.999910777,0.999910036,0.99999848,0.99999864,0.999999382
Bi-Objective BBOB_2_12_3,0.99991574,0.999914732,0.999914567,0.999914758,0.999998992,0.999999018,0.999998827
Bi-Objective BBOB_2_12_4,0.972347947,0.865167783,0.86420608,0.865048439,0.8897718,0.889649062,0.888782748
Bi-Objective BBOB_2_12_5,0.908760849,0.893516907,0.894044857,0.893747174,0.983225574,0.983478959,0.98380653
Bi-Objective BBOB_2_12_6,0.95100455,0.950690621,0.95079847,0.9505258,0.999669897,0.999496585,0.999783303
Bi-Objective BBOB_2_12_7,0.999977426,0.960285804,0.959984785,0.960213154,0.960307482,0.96023483,0.960006456
Bi-Objective BBOB_2_12_8,0.995578052,0.995554059,0.995531007,0.995537514,0.9999759,0.999959282,0.999952746
Bi-Objective BBOB_2_12_9,0.927643403,0.927539171,0.926595706,0.927431321,0.999887637,0.999771376,0.998870582
Bi-Objective BBOB_2_13_1,0.944888481,0.907569158,0.618772326,0.924441357,0.960503992,0.978360278,0.65486281
Bi-Objective BBOB_2_13_10,0.999981683,0.999974192,0.967723676,0.999978351,0.999992509,0.999996668,0.967741403
Bi-Objective BBOB_2_13_2,0.999759638,0.999612957,0.997802329,0.999663742,0.999853283,0.999904081,0.99804222
Bi-Objective BBOB_2_13_3,0.999951137,0.999908994,0.913096748,0.999902456,0.999957855,0.999951317,0.913141367
Bi-Objective BBOB_2_13_4,0.999963192,0.999957693,0.999962187,0.99996059,0.999994501,0.999997397,0.999998995
Bi-Objective BBOB_2_13_5,0.999818305,0.999815065,0.999816461,0.999816369,0.99999676,0.999998064,0.999998155
Bi-Objective BBOB_2_13_6,0.999786254,0.999655192,0.999100338,0.999699938,0.99986891,0.999913666,0.999313937
Bi-Objective BBOB_2_13_7,0.998281929,0.998277053,0.997712243,0.998278016,0.999995116,0.99999608,0.999429334
Bi-Objective BBOB_2_13_8,0.98626313,0.978071109,0.929395003,0.980732542,0.991693879,0.994392381,0.942339803
Bi-Objective BBOB_2_13_9,0.999837953,0.999725861,0.99789185,0.999754881,0.999887889,0.999916914,0.998053581
Bi-Objective BBOB_2_14_1,0.912474503,0.908657425,0.535438496,0.909546003,0.995816784,0.996790595,0.58679831
Bi-Objective BBOB_2_14_10,0.980393179,0.969102693,0.939943159,0.969806605,0.988483717,0.989201705,0.958741023
Bi-Objective BBOB_2_14_2,0.997754602,0.996220094,0.987044675,0.996421237,0.998462038,0.998663634,0.989265971
Bi-Objective BBOB_2_14_3,0.966433483,0.960604142,0.816267505,0.963077894,0.993968192,0.996527864,0.844618403
Bi-Objective BBOB_2_14_4,0.982900075,0.966371019,0.96176712,0.966527131,0.983183381,0.983342209,0.978499386
Bi-Objective BBOB_2_14_5,0.987028385,0.98535131,0.916077014,0.985845387,0.998300885,0.998801455,0.92811618
Bi-Objective BBOB_2_14_6,0.989626579,0.986477415,0.943288786,0.987546603,0.996817826,0.997898221,0.953176487
Bi-Objective BBOB_2_14_7,0.888026643,0.884060883,0.335718305,0.885179913,0.995534188,0.996794319,0.378049811
Bi-Objective BBOB_2_14_8,0.785490556,0.78298902,0.425661043,0.783760235,0.99681532,0.997797146,0.541904724
Bi-Objective BBOB_2_14_9,0.999595374,0.998493561,0.997633356,0.998506463,0.998897741,0.998910648,0.998037188
Bi-Objective BBOB_2_15_1,0.978329958,0.96124473,0.961031922,0.961090245,0.982536333,0.982378427,0.982318812
Bi-Objective BBOB_2_15_10,0.932483359,0.932257866,0.930813564,0.9321678,0.999758181,0.999661593,0.998209303
Bi-Objective BBOB_2_15_2,0.941436985,0.941220606,0.940445197,0.94127225,0.999770161,0.999825017,0.998946517
Bi-Objective BBOB_2_15_3,0.998672058,0.998649201,0.998310487,0.998455381,0.999977113,0.999783035,0.999637948
Bi-Objective BBOB_2_15_4,0.82507963,0.824797569,0.700260932,0.824472741,0.99965814,0.999264447,0.848719211
Bi-Objective BBOB_2_15_5,0.988337565,0.988323366,0.988308219,0.988314734,0.999985634,0.999976899,0.999970308
Bi-Objective BBOB_2_15_6,0.969099569,0.96904722,0.968211694,0.96900467,0.999945982,0.999902075,0.999083815
Bi-Objective BBOB_2_15_7,0.982639482,0.982575259,0.982066263,0.982502726,0.999934642,0.999860828,0.999416654
Bi-Objective BBOB_2_15_8,0.925538671,0.925441748,0.924259343,0.925233942,0.99989528,0.999670755,0.998617748
Bi-Objective BBOB_2_15_9,0.985677211,0.985637616,0.985462595,0.985646495,0.99995983,0.999968837,0.999782266
Bi-Objective BBOB_2_16_1,0.981136806,0.978397868,0.304341119,0.978891746,0.997208403,0.997711777,0.310192337
Bi-Objective BBOB_2_16_10,0.928290355,0.917548084,0.138611923,0.91870468,0.988427898,0.98967384,0.149319577
Bi-Objective BBOB_2_16_2,0.965606294,0.960949711,0.194787692,0.962307232,0.995177555,0.99658343,0.20172579
Bi-Objective BBOB_2_16_3,0.959401187,0.949442851,0.159898422,0.9480815,0.989620259,0.9882013,0.166664816
Bi-Objective BBOB_2_16_4,0.99534557,0.992956754,0.149066789,0.99353936,0.997600013,0.998185344,0.149763855
Bi-Objective BBOB_2_16_5,0.99904323,0.998644376,0.382921422,0.998834197,0.999600764,0.999790767,0.38328814
Bi-Objective BBOB_2_16_6,0.139769187,0.136475698,0,0.134434629,0.97643623,0.96183309,0
Bi-Objective BBOB_2_16_7,0.997713549,0.997096511,0.129013357,0.997209468,0.999381548,0.999494764,0.129309015
Bi-Objective BBOB_2_16_8,0.968081587,0.961073665,0.202840112,0.962623245,0.992761021,0.994361692,0.209527911
Bi-Objective BBOB_2_16_9,0.971216965,0.964231268,0.026233592,0.966948386,0.992807274,0.995604917,0.027011052
Bi-Objective BBOB_2_17_1,0.979958736,0.979936051,0.703479615,0.979941299,0.999976851,0.999982206,0.717866568
Bi-Objective BBOB_2_17_10,0.998456597,0.998307886,0.348708597,0.998112997,0.999851059,0.999655869,0.349247627
Bi-Objective BBOB_2_17_2,0.942990268,0.942197812,0.379206847,0.942906355,0.999159635,0.999911014,0.402132302
Bi-Objective BBOB_2_17_3,0.94172698,0.941519051,0.191570311,0.94166415,0.999779205,0.999933282,0.203424469
Bi-Objective BBOB_2_17_4,0.766767768,0.764291777,0.062586264,0.765900949,0.996770873,0.998869516,0.081623494
Bi-Objective BBOB_2_17_5,0.940686879,0.939978131,0.042708381,0.940206253,0.999246564,0.999489069,0.045401272
Bi-Objective BBOB_2_17_6,0.987721346,0.987563516,0.736217909,0.987611599,0.999840208,0.999888889,0.74537005
Bi-Objective BBOB_2_17_7,0.996488999,0.996243517,0.668423444,0.996387158,0.999753653,0.9998978,0.670778549
Bi-Objective BBOB_2_17_8,0.889890848,0.882864344,0.023023425,0.887951724,0.992104083,0.997820942,0.02587219
Bi-Objective BBOB_2_17_9,0.939038516,0.938987506,0.47005777,0.939011666,0.999945678,0.999971407,0.500573472
Bi-Objective BBOB_2_18_1,0.969204955,0.968090315,0.683255011,0.968002767,0.998849944,0.998759614,0.704964422
Bi-Objective BBOB_2_18_10,0.981170858,0.981073711,0.783414726,0.980994602,0.999900989,0.999820362,0.798448832
Bi-Objective BBOB_2_18_2,0.953409673,0.94901933,0.739727713,0.948865783,0.995395114,0.995234064,0.775876031
Bi-Objective BBOB_2_18_3,0.999403474,0.998299463,0.416588579,0.999178362,0.99889533,0.999774754,0.416837233
Bi-Objective BBOB_2_18_4,0.99001501,0.98991545,0.631724005,0.989912638,0.999899436,0.999896595,0.638095381
Bi-Objective BBOB_2_18_5,0.999935348,0.999926174,0.549406233,0.999919499,0.999990826,0.99998415,0.549441756
Bi-Objective BBOB_2_18_6,0.999890665,0.999888362,0.530767023,0.999889323,0.999997696,0.999998658,0.530825061
Bi-Objective BBOB_2_18_7,0.999722916,0.999694923,0.461656046,0.999699583,0.999971999,0.999976661,0.461783999
Bi-Objective BBOB_2_18_8,0.979522633,0.97938858,0.701450762,0.979325576,0.999863145,0.999798823,0.71611491
Bi-Objective BBOB_2_18_9,0.82654027,0.794271011,0.288336883,0.798817428,0.960958637,0.966459176,0.348847955
Bi-Objective BBOB_2_19_1,0.865811771,0.855603282,0.297361324,0.862163145,0.988209343,0.99578589,0.343448003
Bi-Objective BBOB_2_19_10,0.946066683,0.943155751,0.327863144,0.945869996,0.996923122,0.9997921,0.346553948
Bi-Objective BBOB_2_19_2,0.920899455,0.909500403,0.259041297,0.918866771,0.987621828,0.997792718,0.281291618
Bi-Objective BBOB_2_19_3,0.904545299,0.903867514,0.351064532,0.904259244,0.99925069,0.999683759,0.38811161
Bi-Objective BBOB_2_19_4,0.999884821,0.999872432,0.329394271,0.999831667,0.99998761,0.99994684,0.329432215
Bi-Objective BBOB_2_19_5,0.997258709,0.997254576,0.195582286,0.997217937,0.999995855,0.999959116,0.196119908
Bi-Objective BBOB_2_19_6,0.955211505,0.951322767,0.426774977,0.952642532,0.995928924,0.997310571,0.446785842
Bi-Objective BBOB_2_19_7,0.916748358,0.914978338,0.241939467,0.914864697,0.998069241,0.99794528,0.263910445
Bi-Objective BBOB_2_19_8,0.954028863,0.952371232,0.361394535,0.952542053,0.998262493,0.998441546,0.378808806
Bi-Objective BBOB_2_19_9,0.949454854,0.946049994,0.593387869,0.945347234,0.996413879,0.995673707,0.624977446
Bi-Objective BBOB_2_2_1,0.995822561,0.995804314,0.995670982,0.995807789,0.999981676,0.999985166,0.999847785
Bi-Objective BBOB_2_2_10,0.947432431,0.947413452,0.947156821,0.947398567,0.999979968,0.999964257,0.999709098
Bi-Objective BBOB_2_2_2,0.917892815,0.91783836,0.917112155,0.917808213,0.999940674,0.99990783,0.999149508
Bi-Objective BBOB_2_2_3,0.990979166,0.990960387,0.990501181,0.990962941,0.99998105,0.999983627,0.999517664
Bi-Objective BBOB_2_2_4,0.956280253,0.956246707,0.954994785,0.956230323,0.99996492,0.999947787,0.998655762
Bi-Objective BBOB_2_2_5,0.960749327,0.960729979,0.887802151,0.960719664,0.999979862,0.999969125,0.924072624
Bi-Objective BBOB_2_2_6,0.8753864,0.875303265,0.874327196,0.875256725,0.99990503,0.999851866,0.998790015
Bi-Objective BBOB_2_2_7,0.83240391,0.832343538,0.830886344,0.832300908,0.999927473,0.999876259,0.998176888
Bi-Objective BBOB_2_2_8,0.829465052,0.82934912,0.827621324,0.829290422,0.999860232,0.999789466,0.997777208
Bi-Objective BBOB_2_2_9,0.991879826,0.991865385,0.99136689,0.991865414,0.99998544,0.99998547,0.999482864
Bi-Objective BBOB_2_20_1,0.995718026,0.99567471,0.41740796,0.995631302,0.999956498,0.999912903,0.419202977
Bi-Objective BBOB_2_20_10,0.994832672,0.99481768,0.994691435,0.994603751,0.999984931,0.99976989,0.999858029
Bi-Objective BBOB_2_20_2,0.910960748,0.909836677,0.909400594,0.909937261,0.99876606,0.998876475,0.998287353
Bi-Objective BBOB_2_20_3,0.98577793,0.985686659,0.985637363,0.985505412,0.999907412,0.999723551,0.999857405
Bi-Objective BBOB_2_20_4,0.890180221,0.890062121,0.884352841,0.889895603,0.99986733,0.999680269,0.993453707
Bi-Objective BBOB_2_20_5,0.980549387,0.980355089,0.980414604,0.980327555,0.999801848,0.999773768,0.999862544
Bi-Objective BBOB_2_20_6,0.869043334,0.868234619,0.868144038,0.867970077,0.999069419,0.998765013,0.998965189
Bi-Objective BBOB_2_20_7,0.951115688,0.813231287,0.39650205,0.812941873,0.85502878,0.854724492,0.416880991
Bi-Objective BBOB_2_20_8,0.840742966,0.84061833,0.839349633,0.840446695,0.999851754,0.999647609,0.998342736
Bi-Objective BBOB_2_20_9,0.998339921,0.998038737,0.998036587,0.997969014,0.999698315,0.999628477,0.999696161
Bi-Objective BBOB_2_21_1,0.999736618,0.999658579,0.999636164,0.999687789,0.99992194,0.999951158,0.999899519
Bi-Objective BBOB_2_21_10,0.940893377,0.928047335,0.78608439,0.929713006,0.986346974,0.988117281,0.835465961
Bi-Objective BBOB_2_21_2,0.985471502,0.985184623,0.98510732,0.985256719,0.999708892,0.999782051,0.999630449
Bi-Objective BBOB_2_21_3,0.973889905,0.973669767,0.972156578,0.973699733,0.99977396,0.999804729,0.998220203
Bi-Objective BBOB_2_21_4,0.999788754,0.999627986,0.825633803,0.99965842,0.999839198,0.999869639,0.825808252
Bi-Objective BBOB_2_21_5,0.890725681,0.890552905,0.88975773,0.89032856,0.999806027,0.99955416,0.9989133
Bi-Objective BBOB_2_21_6,0.998906462,0.998482916,0.994067627,0.99842037,0.99957599,0.999513375,0.995155867
Bi-Objective BBOB_2_21_7,0.862088181,0.861927823,0.861529737,0.861644494,0.999813988,0.999485334,0.99935222
Bi-Objective BBOB_2_21_8,0.986058931,0.985476471,0.813251714,0.985432175,0.999409305,0.999364383,0.824749605
Bi-Objective BBOB_2_21_9,0.972494612,0.967065115,0.966937425,0.966945788,0.994416938,0.994294237,0.994285637
Bi-Objective BBOB_2_22_1,0.700916438,0.698798208,0.686236679,0.69911555,0.996977914,0.997430666,0.979056335
Bi-Objective BBOB_2_22_10,0.92839162,0.926772177,0.92277694,0.926874233,0.998255647,0.998365574,0.993952251
Bi-Objective BBOB_2_22_2,0.999055969,0.998767096,0.99702476,0.998792253,0.999710854,0.999736035,0.997966872
Bi-Objective BBOB_2_22_3,0.678523358,0.678226264,0.675776473,0.678062372,0.999562146,0.999320603,0.995951672
Bi-Objective BBOB_2_22_4,0.846367985,0.842752134,0.427348799,0.84405514,0.995727803,0.997267329,0.504920799
Bi-Objective BBOB_2_22_5,0.85603995,0.849014579,0.837327917,0.85030345,0.991793173,0.993298794,0.978141168
Bi-Objective BBOB_2_22_6,0.977995691,0.968672317,0.861846893,0.973347473,0.990466856,0.9952472,0.881237925
Bi-Objective BBOB_2_22_7,0.9100447,0.905089053,0.300664712,0.907622703,0.994554501,0.997338595,0.330384553
Bi-Objective BBOB_2_22_8,0.906996576,0.90356228,0.596232613,0.90329669,0.996213551,0.995920728,0.657370302
Bi-Objective BBOB_2_22_9,0.968992795,0.960728554,0.732306809,0.96371019,0.991471308,0.994548355,0.755740201
Bi-Objective BBOB_2_23_1,0.992534054,0.992480703,0.992476107,0.99199408,0.999946248,0.999455964,0.999941617
Bi-Objective BBOB_2_23_10,0.965992185,0.965861436,0.965839194,0.965770544,0.999864648,0.999770556,0.999841623
Bi-Objective BBOB_2_23_2,0.996445293,0.996429579,0.996394854,0.996418797,0.99998423,0.99997341,0.999949381
Bi-Objective BBOB_2_23_3,0.928112249,0.908026528,0.907645116,0.907678631,0.978358522,0.977983678,0.977947567
Bi-Objective BBOB_2_23_4,0.965419265,0.948241681,0.945766764,0.947766126,0.982207125,0.981714536,0.979643559
Bi-Objective BBOB_2_23_5,0.738909733,0.737944457,0.737369317,0.737892232,0.998693649,0.99862297,0.997915286
Bi-Objective BBOB_2_23_6,0.897625,0.897385838,0.896170914,0.897229592,0.999733561,0.999559495,0.998380074
Bi-Objective BBOB_2_23_7,0.91173242,0.911598913,0.911019438,0.910909955,0.999853567,0.999097909,0.999217992
Bi-Objective BBOB_2_23_8,0.980413764,0.969782795,0.969699429,0.969392623,0.989156651,0.988758684,0.989071619
Bi-Objective BBOB_2_23_9,0.965467066,0.960470008,0.960369518,0.960061105,0.994824206,0.994400678,0.994720122
Bi-Objective BBOB_2_24_1,0.886263608,0.883846462,0.187766319,0.884849939,0.997272655,0.998404912,0.211862833
Bi-Objective BBOB_2_24_10,0.929447946,0.922410615,0.121007023,0.922910215,0.992428483,0.992966006,0.130192362
Bi-Objective BBOB_2_24_2,0.988139648,0.983427836,0.15404438,0.984061123,0.995231633,0.995872522,0.15589333
Bi-Objective BBOB_2_24_3,0.952811649,0.937209836,0.070297528,0.937021686,0.983625501,0.983428033,0.073779039
Bi-Objective BBOB_2_24_4,0.953732581,0.947117316,0.202399029,0.94839791,0.993063815,0.994406534,0.212217799
Bi-Objective BBOB_2_24_5,0.823877137,0.818455535,0.069585097,0.818940875,0.993419404,0.994008497,0.084460527
Bi-Objective BBOB_2_24_6,0.961551593,0.96010457,0.039065419,0.960121771,0.998495117,0.998513005,0.040627481
Bi-Objective BBOB_2_24_7,0.88108772,0.876639762,0.011635554,0.877253325,0.994951742,0.995648112,0.013205897
Bi-Objective BBOB_2_24_8,0.746749823,0.739816861,0.019321179,0.740402473,0.990715817,0.991500031,0.025873697
Bi-Objective BBOB_2_24_9,0.941309282,0.927520652,0.115846557,0.933141149,0.985351648,0.991322583,0.1230696
Bi-Objective BBOB_2_25_1,0.890543039,0.890524639,0.152522742,0.890501792,0.999979339,0.999953683,0.171269366
Bi-Objective BBOB_2_25_10,0.885990744,0.885941746,0.49154706,0.885891961,0.999944697,0.999888505,0.554799318
Bi-Objective BBOB_2_25_2,0.944370927,0.943680108,0.523527075,0.944253656,0.999268488,0.999875821,0.554365939
Bi-Objective BBOB_2_25_3,0.978560043,0.978161677,0.187778575,0.978258801,0.999592906,0.999692157,0.191892747
Bi-Objective BBOB_2_25_4,0.827380671,0.820327228,0.031051459,0.824684381,0.991474973,0.996741174,0.037529834
Bi-Objective BBOB_2_25_5,0.903625215,0.90356812,0.516347808,0.903482664,0.999936816,0.999842245,0.571418105
Bi-Objective BBOB_2_25_6,0.95359793,0.953073651,0.685570445,0.953228336,0.999450209,0.999612422,0.718930299
Bi-Objective BBOB_2_25_7,0.723624129,0.72318134,0.068594864,0.723116197,0.999388096,0.999298072,0.094793501
Bi-Objective BBOB_2_25_8,0.877837312,0.876868077,0.205360629,0.877541966,0.998895883,0.999663553,0.23393928
Bi-Objective BBOB_2_25_9,0.865140328,0.865030348,0.464066554,0.865026372,0.999872876,0.999868281,0.536406106
Bi-Objective BBOB_2_26_1,0.978921983,0.978874171,0.7991206,0.97886539,0.999951158,0.999942188,0.816327158
Bi-Objective BBOB_2_26_10,0.975780733,0.973493279,0.819658762,0.973164504,0.997655771,0.997318835,0.840003019
Bi-Objective BBOB_2_26_2,0.994494714,0.993836388,0.681710128,0.993871757,0.99933803,0.999373594,0.685483913
Bi-Objective BBOB_2_26_3,0.999888276,0.999831797,0.822414723,0.999843709,0.999943515,0.999955428,0.822506617
Bi-Objective BBOB_2_26_4,0.929919263,0.929804953,0.17786065,0.929587085,0.999877076,0.999642789,0.191264615
Bi-Objective BBOB_2_26_5,0.732359031,0.68694847,0.151398732,0.698298449,0.937994128,0.953491962,0.206727474
Bi-Objective BBOB_2_26_6,0.99825927,0.99816602,0.448585095,0.998126012,0.999906587,0.999866509,0.449367322
Bi-Objective BBOB_2_26_7,0.958138169,0.958058425,0.220649064,0.957931274,0.999916772,0.999784066,0.2302894
Bi-Objective BBOB_2_26_8,0.893980111,0.871922363,0.569318612,0.877301749,0.975326354,0.9813437,0.636835882
Bi-Objective BBOB_2_26_9,0.928186502,0.928095912,0.802129785,0.927976896,0.999902401,0.999774176,0.864190314
Bi-Objective BBOB_2_27_1,0.903502361,0.891215452,0.326644482,0.898382207,0.986400801,0.994332994,0.361531409
Bi-Objective BBOB_2_27_10,0.976309655,0.975164141,0.253938756,0.974452234,0.99882669,0.998097509,0.260100629
Bi-Objective BBOB_2_27_2,0.951959021,0.944052252,0.462222437,0.948441527,0.991694212,0.996304994,0.485548671
Bi-Objective BBOB_2_27_3,0.957759418,0.957606916,0.194415046,0.957384334,0.999840772,0.999608373,0.202989438
Bi-Objective BBOB_2_27_4,0.960857863,0.960657147,0.432874569,0.95933601,0.999791108,0.998416152,0.450508432
Bi-Objective BBOB_2_27_5,0.930274907,0.916542043,0.127224251,0.922197409,0.985237844,0.991317085,0.136759844
Bi-Objective BBOB_2_27_6,0.962264097,0.960749168,0.389435721,0.962086786,0.998425662,0.999815735,0.404707732
Bi-Objective BBOB_2_27_7,0.950865324,0.946827126,0.37402013,0.947958565,0.995753134,0.996943039,0.393347113
Bi-Objective BBOB_2_27_8,0.989196267,0.987663463,0.2415272,0.987310238,0.998450455,0.998093373,0.244165094
Bi-Objective BBOB_2_27_9,0.931460126,0.930999285,0.147863587,0.930382766,0.999505249,0.998843364,0.158743872
Bi-Objective BBOB_2_28_1,0.977401999,0.975615839,0.977284507,0.976554472,0.998172544,0.999132878,0.999879792
Bi-Objective BBOB_2_28_10,0.999840937,0.999823711,0.999833388,0.999832531,0.999982771,0.999991593,0.99999245
Bi-Objective BBOB_2_28_2,0.998930208,0.998719493,0.998924928,0.998902391,0.999789059,0.999972153,0.999994715
Bi-Objective BBOB_2_28_3,0.999666285,0.99965199,0.999663728,0.999651392,0.9999857,0.999985102,0.999997442
Bi-Objective BBOB_2_28_4,0.98472152,0.98432715,0.984595229,0.984327,0.999599511,0.999599359,0.999871749
Bi-Objective BBOB_2_28_5,0.999901258,0.999892337,0.999899823,0.999895693,0.999991079,0.999994435,0.999998565
Bi-Objective BBOB_2_28_6,0.999626448,0.999479625,0.999621238,0.999429,0.999853122,0.999802479,0.999994788
Bi-Objective BBOB_2_28_7,0.997315263,0.997057953,0.997303145,0.997098492,0.999741997,0.999782646,0.99998785
Bi-Objective BBOB_2_28_8,0.985044199,0.96604175,0.925349314,0.966068713,0.980709039,0.980736411,0.939398776
Bi-Objective BBOB_2_28_9,0.992233419,0.990023716,0.956737583,0.990015122,0.997773001,0.99776434,0.964226325
Bi-Objective BBOB_2_29_1,0.972457455,0.969612734,0.72525757,0.971151672,0.997074709,0.998657234,0.745798766
Bi-Objective BBOB_2_29_10,0.998399142,0.995601577,0.981837378,0.996878609,0.997197949,0.998477029,0.983411681
Bi-Objective BBOB_2_29_2,0.999165569,0.996422243,0.963002249,0.997953215,0.997254383,0.998786634,0.963806479
Bi-Objective BBOB_2_29_3,0.993280459,0.991114012,0.820040172,0.991005417,0.997818897,0.997709567,0.825587743
Bi-Objective BBOB_2_29_4,0.966909957,0.962494808,0.571042432,0.963763471,0.995433753,0.996745833,0.590584912
Bi-Objective BBOB_2_29_5,0.988529418,0.9850159,0.950185485,0.984992498,0.996445713,0.996422039,0.961211136
Bi-Objective BBOB_2_29_6,0.967561276,0.91330475,0.521889548,0.918855407,0.943924455,0.949661205,0.53938656
Bi-Objective BBOB_2_29_7,0.981144976,0.977146379,0.848286687,0.978687634,0.99592456,0.997495435,0.864588524
Bi-Objective BBOB_2_29_8,0.984747228,0.983666703,0.830087144,0.984232749,0.998902739,0.999477552,0.842944382
Bi-Objective BBOB_2_29_9,0.992967815,0.991317865,0.917667736,0.991549547,0.998338365,0.998571687,0.924166647
Bi-Objective BBOB_2_3_1,0.811764228,0.811532425,0.810333409,0.811324135,0.999714446,0.999457856,0.998237396
Bi-Objective BBOB_2_3_10,0.806842793,0.806554251,0.804431345,0.806139466,0.999642381,0.999128297,0.997011254
Bi-Objective BBOB_2_3_2,0.87071932,0.869207403,0.86995816,0.869357726,0.9982636,0.998436243,0.999125826
Bi-Objective BBOB_2_3_3,0.843027855,0.842363823,0.84130464,0.842249364,0.999212325,0.999076553,0.997955922
Bi-Objective BBOB_2_3_4,0.816337759,0.815957146,0.809176948,0.815238764,0.999533755,0.99865375,0.991228127
Bi-Objective BBOB_2_3_5,0.85401972,0.853543785,0.853165228,0.853377536,0.999442712,0.999248046,0.998999447
Bi-Objective BBOB_2_3_6,0.830343055,0.83005393,0.828991173,0.82979648,0.9996518,0.999341747,0.9983719
Bi-Objective BBOB_2_3_7,0.868151338,0.868006099,0.867809883,0.867617998,0.999832703,0.99938566,0.999606687
Bi-Objective BBOB_2_3_8,0.990911525,0.990878487,0.990652406,0.990853673,0.999966659,0.999941617,0.999738505
Bi-Objective BBOB_2_3_9,0.813085531,0.812925742,0.812319856,0.812585742,0.999803478,0.999385318,0.999058309
Bi-Objective BBOB_2_30_1,0.976212497,0.976183534,0.974470385,0.976119991,0.999970331,0.99990524,0.998215437
Bi-Objective BBOB_2_30_10,0.833084721,0.780168927,0.561403018,0.805882684,0.936482098,0.967347814,0.673884665
Bi-Objective BBOB_2_30_2,0.996222809,0.996145333,0.931863279,0.996129031,0.99992223,0.999905866,0.93539645
Bi-Objective BBOB_2_30_3,0.94159633,0.94148592,0.941289815,0.941343714,0.999882741,0.999731715,0.999674473
Bi-Objective BBOB_2_30_4,0.983030096,0.9830034,0.956000995,0.982714746,0.999972844,0.999679206,0.972504299
Bi-Objective BBOB_2_30_5,0.995608486,0.995538661,0.995530128,0.995324541,0.999929867,0.999714802,0.999921297
Bi-Objective BBOB_2_30_6,0.869044705,0.868800172,0.866948001,0.868569003,0.999718619,0.999452615,0.997587346
Bi-Objective BBOB_2_30_7,0.850960681,0.850768366,0.849181379,0.850462399,0.999774002,0.999414448,0.997909066
Bi-Objective BBOB_2_30_8,0.994801824,0.994654712,0.989135456,0.994648355,0.99985212,0.999845729,0.994304023
Bi-Objective BBOB_2_30_9,0.940370679,0.939568792,0.938932765,0.939704638,0.999147265,0.999291725,0.998470907
Bi-Objective BBOB_2_31_1,0.955984203,0.953617138,0.013162435,0.954514441,0.99752395,0.998462567,0.013768465
Bi-Objective BBOB_2_31_10,0.933842857,0.921984878,0.044982322,0.92412159,0.987301955,0.989590039,0.048169049
Bi-Objective BBOB_2_31_2,0.963697291,0.932380603,0.107481109,0.945456075,0.967503605,0.981071633,0.111529948
Bi-Objective BBOB_2_31_3,0.981722067,0.976331261,0.103661664,0.976597134,0.994508826,0.994779649,0.105591662
Bi-Objective BBOB_2_31_4,0.95295878,0.950167641,0.29564193,0.950591135,0.997071081,0.99751548,0.310235801
Bi-Objective BBOB_2_31_5,0.989988728,0.986727608,0.452462683,0.987984324,0.996705902,0.997975326,0.457038217
Bi-Objective BBOB_2_31_6,0.993357857,0.992593159,0.25349305,0.99225285,0.999230189,0.998887604,0.255188046
Bi-Objective BBOB_2_31_7,0.974743597,0.974593077,0.212755241,0.974535527,0.99984558,0.999786538,0.218267903
Bi-Objective BBOB_2_31_8,0.979779884,0.971737773,0.06792823,0.970418729,0.991791921,0.990445655,0.069330093
Bi-Objective BBOB_2_31_9,0.97551077,0.975173405,0.084229171,0.975203046,0.999654166,0.99968455,0.086343661
Bi-Objective BBOB_2_32_1,0.920330808,0.920134647,0.189371775,0.920151119,0.999786858,0.999804756,0.205764898
Bi-Objective BBOB_2_32_10,0.650841309,0.650352643,0,0.650349302,0.999249177,0.999244045,0
Bi-Objective BBOB_2_32_2,0.675234527,0.671267041,0.042554622,0.673299593,0.994124284,0.997134427,0.063021987
Bi-Objective BBOB_2_32_3,0.921767854,0.921477413,0.1160792,0.921536519,0.999684909,0.999749032,0.125931057
Bi-Objective BBOB_2_32_4,0.944004,0.942031772,0.049660949,0.942765858,0.997910784,0.998688415,0.052606715
Bi-Objective BBOB_2_32_5,0.844964589,0.844703088,0.188981344,0.84454071,0.999690518,0.999498347,0.223655934
Bi-Objective BBOB_2_32_6,0.936204098,0.934382754,0.133533017,0.935294705,0.998054544,0.999028639,0.142632379
Bi-Objective BBOB_2_32_7,0.957436979,0.957406911,0.484441233,0.95737458,0.999968596,0.999934827,0.505977149
Bi-Objective BBOB_2_32_8,0.969123822,0.968319995,0.214112523,0.968755363,0.999170563,0.999619802,0.220934125
Bi-Objective BBOB_2_32_9,0.721600218,0.721452656,0.100864207,0.721271567,0.999795507,0.999544553,0.139778515
Bi-Objective BBOB_2_33_1,0.997888861,0.997867238,0.763003176,0.997848058,0.999978331,0.999959111,0.764617389
Bi-Objective BBOB_2_33_10,0.99979838,0.999573794,0.865830154,0.999719769,0.999775369,0.999921373,0.866004758
Bi-Objective BBOB_2_33_2,0.997492969,0.996702511,0.922185107,0.996565626,0.999207556,0.999070326,0.924502864
Bi-Objective BBOB_2_33_3,0.999823326,0.999759436,0.947068809,0.99972489,0.999936098,0.999901547,0.947236161
Bi-Objective BBOB_2_33_4,0.959892994,0.959337959,0.807728637,0.959536683,0.999421774,0.999628801,0.841477792
Bi-Objective BBOB_2_33_5,0.966110435,0.966045366,0.59013101,0.966044565,0.999932648,0.999931819,0.610831835
Bi-Objective BBOB_2_33_6,0.988009732,0.985020869,0.446678545,0.985821782,0.996974865,0.997785498,0.452099337
Bi-Objective BBOB_2_33_7,0.908430553,0.896873078,0.486190659,0.899290929,0.987277536,0.989939105,0.535198489
Bi-Objective BBOB_2_33_8,0.999902183,0.999861557,0.923290455,0.999852835,0.99995937,0.999950647,0.923380777
Bi-Objective BBOB_2_33_9,0.797570804,0.739487328,0.248660473,0.745805193,0.927174521,0.935095905,0.311772286
Bi-Objective BBOB_2_34_1,0.929758929,0.921466752,0.387806062,0.923600654,0.991081368,0.993376482,0.417103886
Bi-Objective BBOB_2_34_10,0.986288226,0.982645597,0.272666257,0.983870899,0.996306729,0.997549066,0.276456972
Bi-Objective BBOB_2_34_2,0.996825934,0.995494628,0.236177854,0.995614574,0.998664455,0.998784783,0.236929885
Bi-Objective BBOB_2_34_3,0.990964408,0.989514862,0.216823908,0.989690025,0.998537237,0.998713997,0.218800904
Bi-Objective BBOB_2_34_4,0.967251443,0.965320529,0.65159891,0.965651345,0.998003711,0.998345727,0.673660313
Bi-Objective BBOB_2_34_5,0.956107429,0.954674794,0.368162221,0.955060839,0.998501596,0.998905363,0.385063655
Bi-Objective BBOB_2_34_6,0.992429886,0.990252821,0.226460966,0.991240055,0.997806328,0.998801094,0.228188378
Bi-Objective BBOB_2_34_7,0.997954492,0.99791334,0.244926535,0.997851609,0.999958764,0.999896906,0.245428561
Bi-Objective BBOB_2_34_8,0.98644342,0.986291705,0.109778823,0.985964867,0.9998462,0.99951487,0.111287501
Bi-Objective BBOB_2_34_9,0.979374485,0.976853284,0.625793279,0.976610908,0.997425702,0.997178222,0.638972414
Bi-Objective BBOB_2_35_1,0.928165023,0.920248594,0.743235057,0.921750453,0.991470882,0.993088977,0.80075745
Bi-Objective BBOB_2_35_10,0.997531863,0.994877915,0.866539144,0.995156404,0.997339485,0.997618664,0.868683173
Bi-Objective BBOB_2_35_2,0.502442148,0.502193382,0.501845334,0.501970332,0.999504886,0.999060955,0.998812174
Bi-Objective BBOB_2_35_3,0.875499317,0.872803902,0.625448822,0.873331458,0.996921282,0.99752386,0.714390988
Bi-Objective BBOB_2_35_4,0.818254253,0.814962049,0.560695321,0.815851247,0.995976551,0.997063252,0.685233617
Bi-Objective BBOB_2_35_5,0.572776224,0.571980086,0.568657971,0.571852331,0.998610037,0.998386992,0.992810015
Bi-Objective BBOB_2_35_6,0.98054581,0.977115678,0.93549154,0.978203317,0.996501813,0.997611032,0.954051846
Bi-Objective BBOB_2_35_7,0.99010906,0.986122881,0.797587425,0.985480897,0.995974,0.995325603,0.805555123
Bi-Objective BBOB_2_35_8,0.585094382,0.584421505,0.572400527,0.584480732,0.998849968,0.998951195,0.978304603
Bi-Objective BBOB_2_35_9,0.812412157,0.801774787,0.610783995,0.803378079,0.986906437,0.988879932,0.75181543
Bi-Objective BBOB_2_36_1,0.94591491,0.942836198,0.820057377,0.943189971,0.996745255,0.997119256,0.866946243
Bi-Objective BBOB_2_36_10,0.934505678,0.931394446,0.904135443,0.931556984,0.996670719,0.996844648,0.967501284
Bi-Objective BBOB_2_36_2,0.98233954,0.979857223,0.896828841,0.979939746,0.997473056,0.997557063,0.912951993
Bi-Objective BBOB_2_36_3,0.808775848,0.806871807,0.798902275,0.807117814,0.997645774,0.997949946,0.987791954
Bi-Objective BBOB_2_36_4,0.913204042,0.912314664,0.658825472,0.912021138,0.99902609,0.998704666,0.721443885
Bi-Objective BBOB_2_36_5,0.771462369,0.770979713,0.767210868,0.770677616,0.999374363,0.998982772,0.994489036
Bi-Objective BBOB_2_36_6,0.933757512,0.931961602,0.928391992,0.932592253,0.998076685,0.998752075,0.994253841
Bi-Objective BBOB_2_36_7,0.93777824,0.935858662,0.932772414,0.935952098,0.997953057,0.998052694,0.994662036
Bi-Objective BBOB_2_36_8,0.773830567,0.773594401,0.77226944,0.773290179,0.99969481,0.999301672,0.997982599
Bi-Objective BBOB_2_36_9,0.89159915,0.885221122,0.852356192,0.886701423,0.99284653,0.994506806,0.955985873
Bi-Objective BBOB_2_37_1,0.887327151,0.882974421,0.133104589,0.884142975,0.99509456,0.996411497,0.150006217
Bi-Objective BBOB_2_37_10,0.846357897,0.813228469,0.061856453,0.825603855,0.960856479,0.975478409,0.073085456
Bi-Objective BBOB_2_37_2,0.737269532,0.728372837,0.069231759,0.731001312,0.987932914,0.991498062,0.093902916
Bi-Objective BBOB_2_37_3,0.80243679,0.799234873,0.13962003,0.799657267,0.996009758,0.996536148,0.17399505
Bi-Objective BBOB_2_37_4,0.827630243,0.818483188,0.094374964,0.818367394,0.988947896,0.988807986,0.114030348
Bi-Objective BBOB_2_37_5,0.833851306,0.824915451,0.032381096,0.825242829,0.989283634,0.989676245,0.038833177
Bi-Objective BBOB_2_37_6,0.966420015,0.958465986,0.264579583,0.959589505,0.991769594,0.992932152,0.273772872
Bi-Objective BBOB_2_37_7,0.865979676,0.85663246,0.003238622,0.864135843,0.989206195,0.997870812,0.003739836
Bi-Objective BBOB_2_37_8,0.954408951,0.947680994,0.075945179,0.948299902,0.992950656,0.993599129,0.079572996
Bi-Objective BBOB_2_37_9,0.651230495,0.64114362,0.060713295,0.6430605,0.984511053,0.987454527,0.093228581
Bi-Objective BBOB_2_38_1,0.877156844,0.872740288,0.367031956,0.87429023,0.994964919,0.996731926,0.418433669
Bi-Objective BBOB_2_38_10,0.861762938,0.859988992,0.505510407,0.860607596,0.997941492,0.998659328,0.586600311
Bi-Objective BBOB_2_38_2,0.90661326,0.902392947,0.359546144,0.903589289,0.995344969,0.996664541,0.396581608
Bi-Objective BBOB_2_38_3,0.700820334,0.700481687,0.127323056,0.700556103,0.999516785,0.999622969,0.181677171
Bi-Objective BBOB_2_38_4,0.629304231,0.622002996,0.078452659,0.625665437,0.988397924,0.994217751,0.12466571
Bi-Objective BBOB_2_38_5,0.802625606,0.802394626,0.45278826,0.802333908,0.999712219,0.99963657,0.564133834
Bi-Objective BBOB_2_38_6,0.853438943,0.850823222,0.225420441,0.851773628,0.996935081,0.998048701,0.264131889
Bi-Objective BBOB_2_38_7,0.737929741,0.736733952,0.018017006,0.737119657,0.998379535,0.998902221,0.024415612
Bi-Objective BBOB_2_38_8,0.935955755,0.933313991,0.616863046,0.934128797,0.997177469,0.998048029,0.659072871
Bi-Objective BBOB_2_38_9,0.629808149,0.628994254,0.103427997,0.628826644,0.998707709,0.998441581,0.164221433
Bi-Objective BBOB_2_39_1,0.904226041,0.897252819,0.278302159,0.89992736,0.992288188,0.99524601,0.307779412
Bi-Objective BBOB_2_39_10,0.733472668,0.708651101,0.291506352,0.708181531,0.966158839,0.965518637,0.397433148
Bi-Objective BBOB_2_39_2,0.983637778,0.970248134,0.277342832,0.974175499,0.986387628,0.990380322,0.281956263
Bi-Objective BBOB_2_39_3,0.979201351,0.977830364,0.528886498,0.977920274,0.998599893,0.998691713,0.54012027
Bi-Objective BBOB_2_39_4,0.978307713,0.976453814,0.454000998,0.977217129,0.998104994,0.998885234,0.464067687
Bi-Objective BBOB_2_39_5,0.986275619,0.986087388,0.80225322,0.986107505,0.99980915,0.999829547,0.813416863
Bi-Objective BBOB_2_39_6,0.99695273,0.994185445,0.74733182,0.995861003,0.997224256,0.998904936,0.749616102
Bi-Objective BBOB_2_39_7,0.945548967,0.94519378,0.74419256,0.945266386,0.999624359,0.999701146,0.787048145
Bi-Objective BBOB_2_39_8,0.784535495,0.779284882,0.345543325,0.774343622,0.99330736,0.987009035,0.440443201
Bi-Objective BBOB_2_39_9,0.995638434,0.992975846,0.812013941,0.994482611,0.997325749,0.998839114,0.815571108
Bi-Objective BBOB_2_4_1,0.965338727,0.965267109,0.965002297,0.965027299,0.999925811,0.99967739,0.99965149
Bi-Objective BBOB_2_4_10,0.954309122,0.954266278,0.954080236,0.954087834,0.999955105,0.999768117,0.999760155
Bi-Objective BBOB_2_4_2,0.970390736,0.970319986,0.969983716,0.970148545,0.999927091,0.999750419,0.999580561
Bi-Objective BBOB_2_4_3,0.971131699,0.971054923,0.970471946,0.970912748,0.999920942,0.999774541,0.999320635
Bi-Objective BBOB_2_4_4,0.977012543,0.976874655,0.975625471,0.976742467,0.999858868,0.99972357,0.998580292
Bi-Objective BBOB_2_4_5,0.92487442,0.924791385,0.924527489,0.924316299,0.99991022,0.999396544,0.999624889
Bi-Objective BBOB_2_4_6,0.972712023,0.972329496,0.756246951,0.972054527,0.999606742,0.999324059,0.777462325
Bi-Objective BBOB_2_4_7,0.955670149,0.955507301,0.955288184,0.955270735,0.999829598,0.999582059,0.999600317
Bi-Objective BBOB_2_4_8,0.90774721,0.907654637,0.907197504,0.907214702,0.999898019,0.999413375,0.999394428
Bi-Objective BBOB_2_4_9,0.810228484,0.809895954,0.795491704,0.809375798,0.999589585,0.998947598,0.981811574
Bi-Objective BBOB_2_40_1,0.800161495,0.778263372,0.304981885,0.788178212,0.972632871,0.98502392,0.381150414
Bi-Objective BBOB_2_40_10,0.978837863,0.963181679,0.185871575,0.963779907,0.984005335,0.984616496,0.189890055
Bi-Objective BBOB_2_40_2,0.814422944,0.812703377,0.201988486,0.81274424,0.997888606,0.997938782,0.248014238
Bi-Objective BBOB_2_40_3,0.841354253,0.839476579,0.34329442,0.840854974,0.997768271,0.999406577,0.408026012
Bi-Objective BBOB_2_40_4,0.54513203,0.543160693,0.077405467,0.544620446,0.996383743,0.999061541,0.141993981
Bi-Objective BBOB_2_40_5,0.710070246,0.699436338,0.083952093,0.699135362,0.985024147,0.984600278,0.118230687
Bi-Objective BBOB_2_40_6,0.940602214,0.933258539,0.442474939,0.938430136,0.992192581,0.997690759,0.470416646
Bi-Objective BBOB_2_40_7,0.911307906,0.903133564,0.215238164,0.904785399,0.991030098,0.992842696,0.236185995
Bi-Objective BBOB_2_40_8,0.931109791,0.927651103,0.442057339,0.929136731,0.996285413,0.997880958,0.474763925
Bi-Objective BBOB_2_40_9,0.929776153,0.921888854,0.391914248,0.924636931,0.991516991,0.994472625,0.421514627
Bi-Objective BBOB_2_41_1,0.822033308,0.821515941,0.82037023,0.821440463,0.999370625,0.999278806,0.997976873
Bi-Objective BBOB_2_41_10,0.636649863,0.635978168,0.633039776,0.635829159,0.998944953,0.998710902,0.994329556
Bi-Objective BBOB_2_41_2,0.914732085,0.914539389,0.913792328,0.914428567,0.999789341,0.999668189,0.998972642
Bi-Objective BBOB_2_41_3,0.853587923,0.853318583,0.852005162,0.853055279,0.999684461,0.999375994,0.998145755
Bi-Objective BBOB_2_41_4,0.512373848,0.511886145,0.509832618,0.511577631,0.99904815,0.998446023,0.995040281
Bi-Objective BBOB_2_41_5,0.821558599,0.821090418,0.819720133,0.820892944,0.999430131,0.999189766,0.997762222
Bi-Objective BBOB_2_41_6,0.767877748,0.767490241,0.764933867,0.767249417,0.999495354,0.999181731,0.996166212
Bi-Objective BBOB_2_41_7,0.935919503,0.935785914,0.935719032,0.935693736,0.999857264,0.999758775,0.999785804
Bi-Objective BBOB_2_41_8,0.948612145,0.948430819,0.948295066,0.948359761,0.999808852,0.999733944,0.999665745
Bi-Objective BBOB_2_41_9,0.784344361,0.784069955,0.782748489,0.783830358,0.999650146,0.999344671,0.997965342
Bi-Objective BBOB_2_42_1,0.94846497,0.946366527,0.251373644,0.945934533,0.997787538,0.997332071,0.26503208
Bi-Objective BBOB_2_42_10,0.968069449,0.962655851,0.204600127,0.961008393,0.994407841,0.992706044,0.211348604
Bi-Objective BBOB_2_42_2,0.938890034,0.930278606,0.032600999,0.931717172,0.990828076,0.992360274,0.034722915
Bi-Objective BBOB_2_42_3,0.813087642,0.812051375,0.110107373,0.811270625,0.998725517,0.997765288,0.135418825
Bi-Objective BBOB_2_42_4,0.882606101,0.880820344,0.087236882,0.880495791,0.997976722,0.997609001,0.098840108
Bi-Objective BBOB_2_42_5,0.980207584,0.978453121,0.37518075,0.978077733,0.99821011,0.997827143,0.382756424
Bi-Objective BBOB_2_42_6,0.948846761,0.944401234,0.06089364,0.946387559,0.99531481,0.99740822,0.064176475
Bi-Objective BBOB_2_42_7,0.97365642,0.972416607,0.389799832,0.972074594,0.998726642,0.998375375,0.400346389
Bi-Objective BBOB_2_42_8,0.917270614,0.915423257,0.424530014,0.914830776,0.997986029,0.997340111,0.462818722
Bi-Objective BBOB_2_42_9,0.966954243,0.960165991,0.327980789,0.959593126,0.992979758,0.992387316,0.339189565
Bi-Objective BBOB_2_43_1,0.806235944,0.805991753,0.288709675,0.806049912,0.999697122,0.999769259,0.358095762
Bi-Objective BBOB_2_43_10,0.84875216,0.848198527,0.099307822,0.848392611,0.999347709,0.999576379,0.1170045
Bi-Objective BBOB_2_43_2,0.928981208,0.928359023,0.222819979,0.928516504,0.99933025,0.99949977,0.239854129
Bi-Objective BBOB_2_43_3,0.703325659,0.703066795,0.179229972,0.703067237,0.999631943,0.999632572,0.254832125
Bi-Objective BBOB_2_43_4,0.955511395,0.955251389,0.691602837,0.954870349,0.999727888,0.999329107,0.723803861
Bi-Objective BBOB_2_43_5,0.527808863,0.527498359,0.034210783,0.527513384,0.999411712,0.999440178,0.064816613
Bi-Objective BBOB_2_43_6,0.913935323,0.91370217,0.229462609,0.913510781,0.999744892,0.999535479,0.251070949
Bi-Objective BBOB_2_43_7,0.901301714,0.901201948,0.376737721,0.901144751,0.999889309,0.999825848,0.417992904
Bi-Objective BBOB_2_43_8,0.701553018,0.701262994,0.228555303,0.701261647,0.999586597,0.999584677,0.32578479
Bi-Objective BBOB_2_43_9,0.86273967,0.862657943,0.055818228,0.862626782,0.99990527,0.999869151,0.064698807
Bi-Objective BBOB_2_44_1,0.990000596,0.989955065,0.832613734,0.98992287,0.999954009,0.999921489,0.841023467
Bi-Objective BBOB_2_44_10,0.742777155,0.742241465,0.151574229,0.742325267,0.999278802,0.999391624,0.204064204
Bi-Objective BBOB_2_44_2,0.996682463,0.996619067,0.637956972,0.996570562,0.999936393,0.999887726,0.640080462
Bi-Objective BBOB_2_44_3,0.982516671,0.982440064,0.762145859,0.982324232,0.99992203,0.999804136,0.775707814
Bi-Objective BBOB_2_44_4,0.97537241,0.975325041,0.880508049,0.975236934,0.999951435,0.999861103,0.902740369
Bi-Objective BBOB_2_44_5,0.992233483,0.991851091,0.574928757,0.991798518,0.999614614,0.99956163,0.579428902
Bi-Objective BBOB_2_44_6,0.955968658,0.955721129,0.555479066,0.955118338,0.99974107,0.999110514,0.581064098
Bi-Objective BBOB_2_44_7,0.982852507,0.982810917,0.741174379,0.982747004,0.999957685,0.999892656,0.754105396
Bi-Objective BBOB_2_44_8,0.881906919,0.880694999,0.253935401,0.880765178,0.998625796,0.998705372,0.287939005
Bi-Objective BBOB_2_44_9,0.974727928,0.974676208,0.853909978,0.974429554,0.999946939,0.99969389,0.876049566
Bi-Objective BBOB_2_45_1,0.951720779,0.939677575,0.548176009,0.937476025,0.987345864,0.985032633,0.575984072
Bi-Objective BBOB_2_45_10,0.963315916,0.963165637,0.388747261,0.963140219,0.999843998,0.999817612,0.403551166
Bi-Objective BBOB_2_45_2,0.797328069,0.79511596,0.206562213,0.796870911,0.997225598,0.999426637,0.259068031
Bi-Objective BBOB_2_45_3,0.729950962,0.72915184,0.15021889,0.728925694,0.998905238,0.998595429,0.205793126
Bi-Objective BBOB_2_45_4,0.962996637,0.958851652,0.45890459,0.959093847,0.995695743,0.995947244,0.476538102
Bi-Objective BBOB_2_45_5,0.924715344,0.920875679,0.452800067,0.920927631,0.995847732,0.995903915,0.489664274
Bi-Objective BBOB_2_45_6,0.904151517,0.903780957,0.219106317,0.903760944,0.999590158,0.999568023,0.242333627
Bi-Objective BBOB_2_45_7,0.43653948,0.42858412,0.02261313,0.432450981,0.98177631,0.990634298,0.051800883
Bi-Objective BBOB_2_45_8,0.780758545,0.780218407,0.226399174,0.779207524,0.999308188,0.998013444,0.289973354
Bi-Objective BBOB_2_45_9,0.717458466,0.716680289,0.213952529,0.716640263,0.99891537,0.998859582,0.29820894
Bi-Objective BBOB_2_46_1,0.761066105,0.747824951,0.041498452,0.751171626,0.982601835,0.986999186,0.054526738
Bi-Objective BBOB_2_46_10,0.881302389,0.867367939,0.044982557,0.868060722,0.984188799,0.984974888,0.051041002
Bi-Objective BBOB_2_46_2,0.848797543,0.78459105,0.027169747,0.774868136,0.924355939,0.912901012,0.032009691
Bi-Objective BBOB_2_46_3,0.924046984,0.910002336,0.081736193,0.916909366,0.984800937,0.992275698,0.088454586
Bi-Objective BBOB_2_46_4,0.934267008,0.92372242,0.064987783,0.926157122,0.988713518,0.99131952,0.069560182
Bi-Objective BBOB_2_46_5,0.925925621,0.897486816,0.101267204,0.907787199,0.969286081,0.980410497,0.109368616
Bi-Objective BBOB_2_46_6,0.860734962,0.843529206,0.151976974,0.844532147,0.98001039,0.981175605,0.176566517
Bi-Objective BBOB_2_46_7,0.839634628,0.831870632,0.028135073,0.830709611,0.990753126,0.989370356,0.03350871
Bi-Objective BBOB_2_46_8,0.936215978,0.928753042,0.179836234,0.928971741,0.992028618,0.992262216,0.192088405
Bi-Objective BBOB_2_46_9,0.883558017,0.869162697,0.030802672,0.875940455,0.983707555,0.991378538,0.034862082
Bi-Objective BBOB_2_47_1,0.712272112,0.700803001,0.040087687,0.702994345,0.983897852,0.986974406,0.056281421
Bi-Objective BBOB_2_47_10,0.645459744,0.638549032,0.048444539,0.636976033,0.989293349,0.986856329,0.075054315
Bi-Objective BBOB_2_47_2,0.93917793,0.927606194,0.008141861,0.928627338,0.987678867,0.988766141,0.008669136
Bi-Objective BBOB_2_47_3,0.739793311,0.711395671,0.070977222,0.714468785,0.961614089,0.965768106,0.095941962
Bi-Objective BBOB_2_47_4,0.7795514,0.774591717,0.227624257,0.775787477,0.993637773,0.995171681,0.291993904
Bi-Objective BBOB_2_47_5,0.944459738,0.935286714,0.108490975,0.9378046,0.990287544,0.992953497,0.114870937
Bi-Objective BBOB_2_47_6,0.84422743,0.824803481,0.089811973,0.828969141,0.976992043,0.981926329,0.106383623
Bi-Objective BBOB_2_47_7,0.868593925,0.867270859,0,0.867973311,0.998476772,0.999285495,0
Bi-Objective BBOB_2_47_8,0.958237497,0.953021885,0.143053178,0.952090186,0.994557078,0.993584773,0.149287811
Bi-Objective BBOB_2_47_9,0.889918311,0.887578654,0.320657919,0.88739746,0.997370931,0.997167323,0.360322869
Bi-Objective BBOB_2_48_1,0.848026567,0.840985796,0.010905913,0.822680671,0.991697465,0.970111908,0.012860343
Bi-Objective BBOB_2_48_10,0.99395999,0.992617286,0.258949779,0.993002859,0.998649136,0.999037053,0.260523343
Bi-Objective BBOB_2_48_2,0.994793675,0.993545361,0.202083018,0.994048419,0.998745153,0.999250844,0.203140634
Bi-Objective BBOB_2_48_3,0.974655409,0.973442428,0.522534014,0.973861211,0.998755477,0.99918515,0.536121801
Bi-Objective BBOB_2_48_4,0.991892551,0.989898876,0.184341382,0.989618718,0.997990029,0.997707581,0.185848137
Bi-Objective BBOB_2_48_5,0.988654651,0.985283454,0.310369347,0.986389663,0.996590117,0.99770902,0.313931004
Bi-Objective BBOB_2_48_6,0.389161282,0.290298562,0,0.293185181,0.745959518,0.753377055,0
Bi-Objective BBOB_2_48_7,0.986578674,0.98528332,0.100150895,0.984037323,0.998687025,0.997424077,0.101513338
Bi-Objective BBOB_2_48_8,0.954772791,0.949803847,0.257874358,0.950484755,0.994795679,0.995508841,0.270089764
Bi-Objective BBOB_2_48_9,0.957382149,0.952338584,0.115262915,0.952588707,0.99473192,0.994993178,0.120393842
Bi-Objective BBOB_2_49_1,0.926653583,0.899254023,0.023584883,0.911116214,0.970431712,0.983232819,0.025451672
Bi-Objective BBOB_2_49_10,0.914459126,0.900227995,0.032683458,0.902897093,0.984437652,0.987356425,0.035740753
Bi-Objective BBOB_2_49_2,0.961467455,0.960451551,0.020727115,0.960403031,0.998943382,0.998892918,0.021557791
Bi-Objective BBOB_2_49_3,0.848123581,0.834552316,0.029675864,0.839822495,0.983998482,0.99021241,0.034990024
Bi-Objective BBOB_2_49_4,0.934365887,0.921555997,0.236939734,0.922132743,0.986290285,0.986907544,0.25358346
Bi-Objective BBOB_2_49_5,0.928529429,0.913134056,0.018300573,0.921188908,0.983419617,0.992094466,0.0197092
Bi-Objective BBOB_2_49_6,0.786973926,0.728774332,0.00085582,0.76361202,0.92604635,0.970314257,0.001087482
Bi-Objective BBOB_2_49_7,0.725230278,0.713873841,0.021189889,0.713614445,0.984340922,0.983983249,0.029218153
Bi-Objective BBOB_2_49_8,0.959123907,0.95636073,0.199623258,0.956563666,0.997119062,0.997330646,0.208130833
Bi-Objective BBOB_2_49_9,0.970413096,0.968749114,0.057183617,0.969104635,0.998285284,0.998651645,0.058927087
Bi-Objective BBOB_2_5_1,0.754128844,0.753275536,0.747456068,0.752869968,0.998868485,0.998330689,0.991151676
Bi-Objective BBOB_2_5_10,0.781317669,0.78020208,0.777218105,0.779897636,0.99857217,0.998182515,0.994753013
Bi-Objective BBOB_2_5_2,0.954990573,0.945561942,0.789495889,0.948724031,0.99012699,0.993438111,0.826705427
Bi-Objective BBOB_2_5_3,0.684482937,0.68424301,0.682952021,0.683956213,0.999649477,0.999230479,0.997763398
Bi-Objective BBOB_2_5_4,0.878631791,0.872944916,0.314205365,0.874968185,0.993527579,0.995830328,0.357607553
Bi-Objective BBOB_2_5_5,0.926275562,0.92304917,0.870617266,0.92348489,0.996516812,0.996987212,0.93991173
Bi-Objective BBOB_2_5_6,0.885993424,0.882818027,0.876872524,0.882814182,0.996416004,0.996411664,0.989705455
Bi-Objective BBOB_2_5_7,0.733322624,0.732648986,0.728449751,0.732218861,0.999081389,0.998494846,0.993355076
Bi-Objective BBOB_2_5_8,0.720852977,0.720476538,0.71867567,0.720164477,0.999477787,0.999044881,0.996979541
Bi-Objective BBOB_2_5_9,0.843425481,0.841534105,0.834847193,0.841112922,0.997757507,0.997258135,0.989829228
Bi-Objective BBOB_2_50_1,0.908153019,0.906750466,0.058942303,0.90676791,0.998455598,0.998474806,0.064903493
Bi-Objective BBOB_2_50_10,0.901004617,0.899714321,0.136729272,0.90023029,0.998567936,0.999140596,0.151752022
Bi-Objective BBOB_2_50_2,0.951055983,0.947439995,0.142800945,0.949205434,0.996197923,0.998054216,0.150149883
Bi-Objective BBOB_2_50_3,0.921885288,0.921156694,0.41343499,0.921620987,0.999209669,0.999713304,0.448466849
Bi-Objective BBOB_2_50_4,0.908169185,0.905144683,0.200195778,0.906575894,0.996669671,0.998245601,0.220438859
Bi-Objective BBOB_2_50_5,0.808869771,0.799777867,0.338371646,0.800135648,0.988759743,0.989202066,0.418326482
Bi-Objective BBOB_2_50_6,0.917893652,0.909149258,0.234869053,0.912761313,0.990473412,0.994408569,0.255878285
Bi-Objective BBOB_2_50_7,0.900109012,0.894780915,0.021667189,0.894920019,0.99408061,0.994235151,0.024071739
Bi-Objective BBOB_2_50_8,0.94706686,0.94660673,0.269723736,0.946562389,0.999514153,0.999467333,0.284799044
Bi-Objective BBOB_2_50_9,0.864750386,0.859291424,0.15861671,0.860410779,0.993687239,0.994981666,0.18342485
Bi-Objective BBOB_2_51_1,0.940860623,0.940827634,0.61257043,0.940797989,0.999964937,0.999933429,0.651074575
Bi-Objective BBOB_2_51_10,0.96918869,0.969133393,0.29637805,0.969080211,0.999942946,0.999888072,0.305800153
Bi-Objective BBOB_2_51_2,0.90995592,0.909843197,0.389655966,0.909771439,0.999876123,0.999797264,0.428214112
Bi-Objective BBOB_2_51_3,0.941593322,0.941482708,0.527815542,0.941521535,0.999882524,0.99992376,0.560555741
Bi-Objective BBOB_2_51_4,0.98603898,0.985915734,0.724416369,0.985987294,0.999875009,0.999947582,0.734673156
Bi-Objective BBOB_2_51_5,0.971128897,0.971096561,0.815151001,0.971095232,0.999966703,0.999965334,0.839384971
Bi-Objective BBOB_2_51_6,0.91141652,0.908528617,0.048491683,0.910742754,0.996831412,0.999260749,0.053204744
Bi-Objective BBOB_2_51_7,0.993373695,0.993080215,0.377649683,0.993107107,0.999704562,0.999731633,0.380168797
Bi-Objective BBOB_2_51_8,0.985466839,0.982311165,0.42505663,0.983354838,0.996797788,0.997856852,0.431325148
Bi-Objective BBOB_2_51_9,0.942349371,0.940726191,0.229277721,0.941493994,0.998277518,0.999092293,0.243304371
Bi-Objective BBOB_2_52_1,0.947011566,0.931552816,0.195834411,0.933053468,0.983676282,0.985260901,0.206791995
Bi-Objective BBOB_2_52_10,0.873618189,0.869543967,0.248804465,0.872250361,0.995336381,0.998434295,0.284797716
Bi-Objective BBOB_2_52_2,0.78687993,0.78677287,0.028626215,0.777909015,0.999863943,0.988599385,0.036379394
Bi-Objective BBOB_2_52_3,0.931104872,0.930728472,0.271805189,0.930824404,0.999595749,0.999698779,0.291916836
Bi-Objective BBOB_2_52_4,0.719116774,0.7105958,0.098579171,0.713087161,0.988150779,0.991615252,0.137083676
Bi-Objective BBOB_2_52_5,0.781598891,0.756158779,0.065383091,0.767868227,0.967451192,0.982432596,0.083652999
Bi-Objective BBOB_2_52_6,0.642310315,0.632997587,2.26E-05,0.641930454,0.985501202,0.999408601,3.52E-05
Bi-Objective BBOB_2_52_7,0.921082785,0.910979716,0.127874548,0.912037526,0.989031312,0.990179755,0.138830678
Bi-Objective BBOB_2_52_8,0.993175904,0.992612298,0.698975355,0.992549983,0.999432522,0.999369778,0.703778003
Bi-Objective BBOB_2_52_9,0.975729534,0.969187668,0.378497039,0.967685441,0.993295411,0.991755817,0.38791184
Bi-Objective BBOB_2_53_1,0.997875693,0.997862221,0.460355515,0.997861353,0.999986499,0.999985629,0.461335534
Bi-Objective BBOB_2_53_10,0.706101787,0.692380833,0.206684438,0.678470319,0.980568022,0.960867585,0.29271196
Bi-Objective BBOB_2_53_2,0.975730767,0.975718704,0.555520127,0.975713742,0.999987636,0.999982551,0.569337512
Bi-Objective BBOB_2_53_3,0.975730769,0.975718704,0.594928896,0.975713757,0.999987634,0.999982565,0.609726489
Bi-Objective BBOB_2_53_4,0.997875695,0.997863895,0.485061754,0.997860925,0.999988175,0.999985198,0.486094367
Bi-Objective BBOB_2_53_5,0.706101956,0.671339385,0.241783774,0.669591642,0.950768341,0.948293142,0.342420485
Bi-Objective BBOB_2_53_6,0.975730737,0.975718704,0.454637177,0.975713752,0.999987667,0.999982593,0.465945327
Bi-Objective BBOB_2_53_7,0.975730733,0.975718704,0.556882025,0.975713757,0.999987671,0.999982602,0.570733304
Bi-Objective BBOB_2_53_8,0.975730731,0.975718704,0.597642663,0.97571375,0.999987673,0.999982597,0.612507779
Bi-Objective BBOB_2_53_9,0.997875685,0.997862215,0.581981245,0.99786098,0.999986502,0.999985263,0.583220189
Bi-Objective BBOB_2_54_1,0.943563947,0.928795262,0.50385684,0.933002098,0.984347977,0.98880643,0.533993315
Bi-Objective BBOB_2_54_10,0.974466009,0.974327315,0.438199525,0.973463922,0.999857672,0.998971656,0.449681693
Bi-Objective BBOB_2_54_2,0.929274475,0.917243225,0.19072951,0.924582522,0.987053072,0.994950951,0.205245614
Bi-Objective BBOB_2_54_3,0.991716135,0.991678166,0.451559634,0.991613938,0.999961714,0.99989695,0.455331539
Bi-Objective BBOB_2_54_4,0.984075359,0.982251036,0.536573466,0.981850677,0.998146155,0.997739318,0.545256479
Bi-Objective BBOB_2_54_5,0.977343827,0.97713109,0.232679739,0.976520916,0.999782331,0.999158013,0.238073575
Bi-Objective BBOB_2_54_6,0.737530414,0.684755161,0.082322068,0.682654781,0.928443286,0.925595431,0.111618541
Bi-Objective BBOB_2_54_7,0.905800915,0.901206616,0.324883267,0.899180848,0.994927915,0.992691476,0.358669617
Bi-Objective BBOB_2_54_8,0.98965998,0.989578456,0.184029106,0.98940826,0.999917624,0.99974565,0.185951852
Bi-Objective BBOB_2_54_9,0.948189833,0.947906382,0.045325445,0.947197563,0.999701061,0.998953511,0.047802079
Bi-Objective BBOB_2_55_1,0.994912014,0.989668531,0.425069299,0.994587281,0.994729702,0.999673606,0.427243106
Bi-Objective BBOB_2_55_10,0.851309741,0.828506496,0.021552852,0.843018827,0.973213927,0.99026099,0.025317285
Bi-Objective BBOB_2_55_2,0.936711803,0.928984167,0.327155643,0.928898566,0.991750252,0.991658868,0.349259657
Bi-Objective BBOB_2_55_3,0.97974371,0.978810975,0.395661577,0.979060297,0.999047981,0.999302457,0.403841916
Bi-Objective BBOB_2_55_4,0.931560159,0.928207142,0.344220604,0.931244659,0.996400643,0.999661321,0.369509795
Bi-Objective BBOB_2_55_5,0.890941864,0.885073477,0.23046622,0.888201926,0.993413277,0.996924672,0.258677057
Bi-Objective BBOB_2_55_6,0.878456417,0.863727838,0.120884128,0.865488499,0.983233569,0.985237835,0.137609704
Bi-Objective BBOB_2_55_7,0.938782814,0.935660596,0.335100895,0.937140061,0.996674185,0.998250125,0.356952524
Bi-Objective BBOB_2_55_8,0.901150986,0.89311819,0.177937379,0.895193029,0.991086071,0.993388504,0.197455678
Bi-Objective BBOB_2_55_9,0.869253763,0.840645218,0.114784558,0.839372046,0.967088385,0.965623713,0.132049538
Bi-Objective BBOB_2_6_1,0.667254444,0.666924969,0.666081136,0.666687912,0.999506222,0.99915095,0.998241589
Bi-Objective BBOB_2_6_10,0.882457687,0.882170373,0.881482317,0.882026727,0.999674416,0.999511637,0.998894712
Bi-Objective BBOB_2_6_2,0.901470541,0.901283418,0.90073598,0.901024939,0.999792425,0.999505694,0.999185152
Bi-Objective BBOB_2_6_3,0.884300125,0.884019858,0.883148873,0.883853376,0.999683063,0.999494799,0.998698121
Bi-Objective BBOB_2_6_4,0.945804378,0.94565709,0.945347184,0.945525599,0.999844272,0.999705247,0.999516608
Bi-Objective BBOB_2_6_5,0.942603371,0.942466688,0.942160427,0.942328982,0.999854994,0.999708903,0.999530085
Bi-Objective BBOB_2_6_6,0.899088058,0.898831598,0.89711433,0.898691999,0.999714755,0.999559488,0.997804744
Bi-Objective BBOB_2_6_7,0.813378211,0.812844168,0.807657845,0.812718566,0.999343427,0.999189006,0.992967151
Bi-Objective BBOB_2_6_8,0.910565241,0.910437888,0.909914183,0.91030609,0.999860139,0.999715395,0.999284995
Bi-Objective BBOB_2_6_9,0.675947011,0.675537163,0.672962437,0.675267975,0.999393669,0.998995431,0.995584604
Bi-Objective BBOB_2_7_1,0.936972575,0.936196392,0.016747821,0.935747979,0.999171606,0.998693028,0.017874398
Bi-Objective BBOB_2_7_10,0.907426577,0.906570843,0.140831734,0.905822741,0.999056966,0.998232544,0.15519904
Bi-Objective BBOB_2_7_2,0.906340901,0.896456059,0.157186301,0.896319404,0.989093682,0.988942906,0.173429557
Bi-Objective BBOB_2_7_3,0.886134331,0.884166873,0.070489233,0.883679098,0.997779729,0.997229277,0.079546894
Bi-Objective BBOB_2_7_4,0.87075995,0.864441755,0.207829139,0.864592744,0.992744045,0.992917444,0.238675583
Bi-Objective BBOB_2_7_5,0.911523578,0.910592999,0.267602228,0.909818702,0.998979095,0.998129642,0.293576858
Bi-Objective BBOB_2_7_6,0.937861505,0.937697155,0.041732828,0.937589245,0.999824761,0.999709701,0.044497857
Bi-Objective BBOB_2_7_7,0.871209654,0.870699484,0.059370569,0.869951781,0.999414412,0.998556176,0.06814728
Bi-Objective BBOB_2_7_8,0.849406116,0.847249527,0.084150371,0.846982536,0.997461063,0.997146736,0.099069656
Bi-Objective BBOB_2_7_9,0.877457922,0.871996386,0.091887308,0.87222411,0.993775729,0.994035255,0.104719902
Bi-Objective BBOB_2_8_1,0.903849381,0.903805974,0.437197347,0.903722494,0.999951975,0.999859615,0.483705976
Bi-Objective BBOB_2_8_10,0.904870851,0.904644315,0.462801994,0.904610077,0.999749649,0.999711811,0.511456407
Bi-Objective BBOB_2_8_2,0.784765299,0.784125096,0.19930801,0.784312788,0.999184211,0.999423381,0.253971487
Bi-Objective BBOB_2_8_3,0.748604947,0.748473147,0.132118643,0.748382131,0.99982394,0.999702358,0.176486467
Bi-Objective BBOB_2_8_4,0.743267364,0.734216859,0.002455411,0.74057048,0.987823352,0.996371584,0.003303537
Bi-Objective BBOB_2_8_5,0.865136714,0.859791623,0.049872925,0.860189331,0.99382168,0.994281385,0.05764745
Bi-Objective BBOB_2_8_6,0.829476442,0.829181313,0.076747687,0.829104495,0.999644198,0.999551588,0.092525457
Bi-Objective BBOB_2_8_7,0.933714327,0.932748413,0.131195619,0.932512938,0.998965515,0.998713323,0.140509378
Bi-Objective BBOB_2_8_8,0.901615895,0.901533206,0.475972627,0.901342149,0.999908288,0.999696383,0.527910643
Bi-Objective BBOB_2_8_9,0.904705114,0.904625849,0.367107519,0.904525293,0.999912386,0.999801238,0.405775886
Bi-Objective BBOB_2_9_1,0.925657814,0.925558733,0.244361103,0.925245843,0.999892962,0.999554943,0.263986432
Bi-Objective BBOB_2_9_10,0.869881009,0.869659797,0.335514242,0.869170024,0.999745699,0.999182664,0.385701306
Bi-Objective BBOB_2_9_2,0.977793751,0.977723751,0.826101826,0.977625379,0.999928411,0.999827805,0.844863066
Bi-Objective BBOB_2_9_3,0.968705844,0.968624823,0.663137885,0.968508909,0.999916362,0.999796703,0.684560632
Bi-Objective BBOB_2_9_4,0.948342668,0.948208398,0.12558846,0.947753491,0.999858416,0.99937873,0.13242941
Bi-Objective BBOB_2_9_5,0.86078071,0.860644046,0.13858499,0.86027862,0.999841232,0.999416704,0.160999182
Bi-Objective BBOB_2_9_6,0.957398241,0.957100628,0.609703373,0.956480279,0.999689144,0.999041191,0.636833605
Bi-Objective BBOB_2_9_7,0.990548357,0.990267327,0.778875628,0.990055801,0.999716289,0.999502744,0.786307526
Bi-Objective BBOB_2_9_8,0.889502838,0.889312121,0.186193913,0.888971442,0.999785591,0.999402592,0.209323574
Bi-Objective BBOB_2_9_9,0.95046019,0.95036368,0.77072107,0.950214579,0.999898459,0.999741587,0.810892532
